{
  "v3_rho": {
    "mean_rho": 0.8045,
    "ci_lo": 0.6926,
    "ci_hi": 0.8748,
    "n": 35,
    "per_premise": {
      "P1293": 0.888888888888889,
      "P1204": 0.8660254037844387,
      "P1375": 0.888888888888889,
      "P0187": 0.888888888888889,
      "P0870": 0.888888888888889,
      "P0599": 0.8660254037844387,
      "P1077": -0.8660254037844387,
      "P1616": 0.8333333333333335,
      "P1645": 0.888888888888889,
      "P0023": 0.8660254037844387,
      "P0087": 0.8333333333333335,
      "P0089": 0.888888888888889,
      "P0397": 0.888888888888889,
      "P0398": 0.9428090415820635,
      "P0399": 0.8660254037844387,
      "P0495": 0.888888888888889,
      "P0586": 0.8660254037844387,
      "P0680": 0.8333333333333335,
      "P0817": 0.888888888888889,
      "P0975": 0.888888888888889,
      "P0978": 0.8333333333333335,
      "P1028": 0.888888888888889,
      "P1119": 0.8660254037844387,
      "P1172": 0.888888888888889,
      "P1191": 0.888888888888889,
      "P1618": 0.8660254037844387,
      "P1637": 0.8660254037844387,
      "P1648": 0.888888888888889,
      "P0566": 0.8660254037844387,
      "P1078": 0.5000000000000001,
      "P1120": 0.8660254037844387,
      "P1207": 0.8660254037844387,
      "P1669": 0.8660254037844387,
      "P0621": 0.8660254037844387,
      "P1138": 0.5443310539518174
    }
  },
  "locked_v2_rho": 0.8543,
  "gate_band": [
    0.8042999999999999,
    0.9043
  ],
  "gate": "PASS",
  "mean_recall_by_type": {
    "gold": 1.0,
    "overstrong": 0.9583333333333333,
    "partial": 0.36879432624113473,
    "overweak": 0.07207207207207207,
    "gibberish": 0.06127450980392156
  },
  "candidates_scored": 198,
  "candidates_skipped_no_suite": 0,
  "candidates_skipped_invalid": 0,
  "candidates_skipped_error": 0,
  "elapsed_s": 29.3
}