{
  "v3_rho": {
    "mean_rho": 0.8627,
    "ci_lo": 0.8333,
    "ci_hi": 0.8889,
    "n": 3,
    "per_premise": {
      "P0023": 0.8660254037844387,
      "P0087": 0.8333333333333335,
      "P0089": 0.888888888888889
    }
  },
  "locked_v2_rho": 0.8543,
  "gate_band": [
    0.8042999999999999,
    0.9043
  ],
  "gate": "PASS",
  "mean_recall_by_type": {
    "gold": 1.0,
    "overstrong": 1.0,
    "partial": 0.31249999999999994,
    "overweak": 0.125,
    "gibberish": 0.0
  },
  "candidates_scored": 17,
  "candidates_skipped_no_suite": 181,
  "candidates_skipped_invalid": 0,
  "candidates_skipped_error": 0,
  "elapsed_s": 10.2
}